1;"prefor.System4399Manager__4399Gif"
2;"prefor.System4399Manager_BaseFile"
0;"prefor.System4399Manager"
4;"mx.skins.cursor.BusyCursor"
5;"mx.graphics.shaderClasses.LuminosityShader_ShaderClass"
6;"mx.graphics.shaderClasses.ColorDodgeShader_ShaderClass"
7;"mx.graphics.shaderClasses.ColorShader_ShaderClass"
8;"mx.graphics.shaderClasses.HueShader_ShaderClass"
9;"mx.graphics.shaderClasses.ColorBurnShader_ShaderClass"
10;"mx.graphics.shaderClasses.ExclusionShader_ShaderClass"
11;"mx.graphics.shaderClasses.SoftLightShader_ShaderClass"
12;"mx.graphics.shaderClasses.SaturationShader_ShaderClass"
8;"mx.graphics.shaderClasses.HueShader_ShaderClass"
10;"mx.graphics.shaderClasses.ExclusionShader_ShaderClass"
6;"mx.graphics.shaderClasses.ColorDodgeShader_ShaderClass"
7;"mx.graphics.shaderClasses.ColorShader_ShaderClass"
9;"mx.graphics.shaderClasses.ColorBurnShader_ShaderClass"
13;"L4399Main_gamefile"
5;"mx.graphics.shaderClasses.LuminosityShader_ShaderClass"
4;"_class_embed_css_Assets_swf_43848611_mx_skins_cursor_BusyCursor_213286499"
11;"mx.graphics.shaderClasses.SoftLightShader_ShaderClass"
12;"mx.graphics.shaderClasses.SaturationShader_ShaderClass"
